[
  {
    "transaction_id": "1",
    "transaction_date": "2019-01-01",
    "transaction_amount": 100.00,
    "transaction_type": "debit",
    "transaction_description": "Payment for groceries",
    "merchant_name": "SuperMart",
    "card_type": "Visa"
  },
  {
    "transaction_id": "2",
    "transaction_date": "2019-01-02",
    "transaction_amount": 50.00,
    "transaction_type": "credit",
    "transaction_description": "Refund for returned item",
    "merchant_name": "OnlineShop",
    "card_type": "MasterCard"
  },
  {
    "transaction_id": "3",
    "transaction_date": "2019-01-03",
    "transaction_amount": 75.00,
    "transaction_type": "debit",
    "transaction_description": "Dinner with friends",
    "merchant_name": "RestaurantABC",
    "card_type": "Amex"
  },
  {
    "transaction_id": "4",
    "transaction_date": "2019-01-04",
    "transaction_amount": 120.00,
    "transaction_type": "debit",
    "transaction_description": "Shopping at Mall",
    "merchant_name": "FashionStoreXYZ",
    "card_type": "Discover"
  },
  {
    "transaction_id": "5",
    "transaction_date": "2019-01-05",
    "transaction_amount": 25.00,
    "transaction_type": "credit",
    "transaction_description": "Returned defective product",
    "merchant_name": "ElectronicsShop",
    "card_type": "Visa"
  },
  {
    "transaction_id": "6",
    "transaction_date": "2019-01-06",
    "transaction_amount": 60.00,
    "transaction_type": "debit",
    "transaction_description": "Gasoline refill",
    "merchant_name": "GasStationXYZ",
    "card_type": "MasterCard"
  },
  {
    "transaction_id": "7",
    "transaction_date": "2019-01-07",
    "transaction_amount": 40.00,
    "transaction_type": "debit",
    "transaction_description": "Lunch with colleagues",
    "merchant_name": "Cafe123",
    "card_type": "Visa"
  },
  {
    "transaction_id": "8",
    "transaction_date": "2019-01-08",
    "transaction_amount": 90.00,
    "transaction_type": "debit",
    "transaction_description": "Movie tickets",
    "merchant_name": "CinemaXYZ",
    "card_type": "Amex"
  },
  {
    "transaction_id": "9",
    "transaction_date": "2019-01-09",
    "transaction_amount": 150.00,
    "transaction_type": "debit",
    "transaction_description": "Weekend getaway",
    "merchant_name": "ResortABC",
    "card_type": "Discover"
  },
  {
    "transaction_id": "10",
    "transaction_date": "2019-01-10",
    "transaction_amount": 20.00,
    "transaction_type": "credit",
    "transaction_description": "Cashback reward",
    "merchant_name": "BankXYZ",
    "card_type": "Visa"
  },
  {
    "transaction_id": "11",
    "transaction_date": "2019-01-11",
    "transaction_amount": 65.00,
    "transaction_type": "debit",
    "transaction_description": "Dinner with family",
    "merchant_name": "FamilyRestaurant",
    "card_type": "MasterCard"
  },
  {
    "transaction_id": "12",
    "transaction_date": "2019-01-12",
    "transaction_amount": 30.00,
    "transaction_type": "credit",
    "transaction_description": "Returned books",
    "merchant_name": "BookstoreABC",
    "card_type": "Visa"
  },
  {
    "transaction_id": "13",
    "transaction_date": "2019-01-13",
    "transaction_amount": 85.00,
    "transaction_type": "debit",
    "transaction_description": "Home appliances purchase",
    "merchant_name": "ApplianceStoreXYZ",
    "card_type": "Discover"
  },
  {
    "transaction_id": "14",
    "transaction_date": "2019-01-14",
    "transaction_amount": 45.00,
    "transaction_type": "debit",
    "transaction_description": "Coffee and snacks",
    "merchant_name": "CoffeeShop123",
    "card_type": "Amex"
  },
  {
    "transaction_id": "15",
    "transaction_date": "2019-01-15",
    "transaction_amount": 110.00,
    "transaction_type": "debit",
    "transaction_description": "Electronics purchase",
    "merchant_name": "ElectronicsStoreXYZ",
    "card_type": "MasterCard"
  },
  {
    "transaction_id": "16",
    "transaction_date": "2019-01-16",
    "transaction_amount": 70.00,
    "transaction_type": "debit",
    "transaction_description": "Car maintenance",
    "merchant_name": "AutoServiceABC",
    "card_type": "Visa"
  },
  {
    "transaction_id": "17",
    "transaction_date": "2019-01-17",
    "transaction_amount": 55.00,
    "transaction_type": "credit",
    "transaction_description": "Refund for damaged item",
    "merchant_name": "OnlineStoreXYZ",
    "card_type": "Discover"
  },
  {
    "transaction_id": "18",
    "transaction_date": "2019-01-18",
    "transaction_amount": 80.00,
    "transaction_type": "debit",
    "transaction_description": "Dinner at fancy restaurant",
    "merchant_name": "FineDiningXYZ",
    "card_type": "Amex"
  },
  {
    "transaction_id": "19",
    "transaction_date": "2019-01-19",
    "transaction_amount": 95.00,
    "transaction_type": "debit",
    "transaction_description": "Grocery shopping",
    "merchant_name": "GroceryStore123",
    "card_type": "MasterCard"
  },
  {
    "transaction_id": "20",
    "transaction_date": "2019-01-20",
    "transaction_amount": 35.00,
    "transaction_type": "credit",
    "transaction_description": "Cashback reward",
    "merchant_name": "BankXYZ",
    "card_type": "Visa"
  },
  {
    "transaction_id": "21",
    "transaction_date": "2019-01-21",
    "transaction_amount": 130.00,
    "transaction_type": "debit",
    "transaction_description": "Shopping spree",
    "merchant_name": "MallABC",
    "card_type": "Discover"
  },
  {
    "transaction_id": "22",
    "transaction_date": "2019-01-22",
    "transaction_amount": 45.00,
    "transaction_type": "debit",
    "transaction_description": "Lunch with friends",
    "merchant_name": "Cafe456",
    "card_type": "Visa"
  },
  {
    "transaction_id": "23",
    "transaction_date": "2019-01-23",
    "transaction_amount": 70.00,
    "transaction_type": "debit",
    "transaction_description": "Health and wellness products",
    "merchant_name": "WellnessStoreXYZ",
    "card_type": "Amex"
  },
  {
    "transaction_id": "24",
    "transaction_date": "2019-01-24",
    "transaction_amount": 25.00,
    "transaction_type": "credit",
    "transaction_description": "Returned clothing item",
    "merchant_name": "FashionStore123",
    "card_type": "MasterCard"
  },
  {
    "transaction_id": "25",
    "transaction_date": "2019-01-25",
    "transaction_amount": 60.00,
    "transaction_type": "debit",
    "transaction_description": "Online subscription renewal",
    "merchant_name": "SubscriptionServiceXYZ",
    "card_type": "Visa"
  },
  {
    "transaction_id": "26",
    "transaction_date": "2019-01-26",
    "transaction_amount": 75.00,
    "transaction_type": "debit",
    "transaction_description": "Date night dinner",
    "merchant_name": "RomanticRestaurant",
    "card_type": "Discover"
  },
  {
    "transaction_id": "27",
    "transaction_date": "2019-01-27",
    "transaction_amount": 40.00,
    "transaction_type": "debit",
    "transaction_description": "Concert tickets",
    "merchant_name": "ConcertHallXYZ",
    "card_type": "Amex"
  },
  {
    "transaction_id": "28",
    "transaction_date": "2019-01-28",
    "transaction_amount": 85.00,
    "transaction_type": "debit",
    "transaction_description": "Home decor purchase",
    "merchant_name": "HomeDecorStoreABC",
    "card_type": "MasterCard"
  },
  {
    "transaction_id": "29",
    "transaction_date": "2019-01-29",
    "transaction_amount": 95.00,
    "transaction_type": "debit",
    "transaction_description": "Office supplies",
    "merchant_name": "OfficeSupplyStoreXYZ",
    "card_type": "Visa"
  },
  {
    "transaction_id": "30",
    "transaction_date": "2019-01-30",
    "transaction_amount": 20.00,
    "transaction_type": "credit",
    "transaction_description": "Cashback reward",
    "merchant_name": "BankXYZ",
    "card_type": "Amex"
  },
  {
    "transaction_id": "31",
    "transaction_date": "2019-01-31",
    "transaction_amount": 110.00,
    "transaction_type": "debit",
    "transaction_description": "Home improvement supplies",
    "merchant_name": "HomeImprovementStore123",
    "card_type": "Discover"
  },
  {
    "transaction_id": "32",
    "transaction_date": "2019-02-01",
    "transaction_amount": 55.00,
    "transaction_type": "debit",
    "transaction_description": "Brunch with family",
    "merchant_name": "FamilyBrunchCafe",
    "card_type": "Visa"
  },
  {
    "transaction_id": "33",
    "transaction_date": "2019-02-02",
    "transaction_amount": 70.00,
    "transaction_type": "debit",
    "transaction_description": "Sports equipment purchase",
    "merchant_name": "SportingGoodsStoreXYZ",
    "card_type": "MasterCard"
  },
  {
    "transaction_id": "34",
    "transaction_date": "2019-02-03",
    "transaction_amount": 25.00,
    "transaction_type": "credit",
    "transaction_description": "Returned gadget",
    "merchant_name": "ElectronicsStore123",
    "card_type": "Visa"
  },
  {
    "transaction_id": "35",
    "transaction_date": "2019-02-04",
    "transaction_amount": 95.00,
    "transaction_type": "debit",
    "transaction_description": "Dinner at Italian restaurant",
    "merchant_name": "ItalianDinerXYZ",
    "card_type": "Discover"
  },
  {
    "transaction_id": "36",
    "transaction_date": "2019-02-05",
    "transaction_amount": 40.00,
    "transaction_type": "debit",
    "transaction_description": "Coffee and pastries",
    "merchant_name": "Bakery456",
    "card_type": "Amex"
  },
  {
    "transaction_id": "37",
    "transaction_date": "2019-02-06",
    "transaction_amount": 65.00,
    "transaction_type": "debit",
    "transaction_description": "Gift purchase",
    "merchant_name": "GiftShop123",
    "card_type": "MasterCard"
  },
  {
    "transaction_id": "38",
    "transaction_date": "2019-02-07",
    "transaction_amount": 120.00,
    "transaction_type": "debit",
    "transaction_description": "Furniture purchase",
    "merchant_name": "FurnitureStoreXYZ",
    "card_type": "Visa"
  },
  {
    "transaction_id": "39",
    "transaction_date": "2019-02-08",
    "transaction_amount": 30.00,
    "transaction_type": "credit",
    "transaction_description": "Returned shoes",
    "merchant_name": "ShoeStoreABC",
    "card_type": "Discover"
  },
  {
    "transaction_id": "40",
    "transaction_date": "2019-02-09",
    "transaction_amount": 50.00,
    "transaction_type": "debit",
    "transaction_description": "Haircut and styling",
    "merchant_name": "SalonXYZ",
    "card_type": "Amex"
  },
  {
    "transaction_id": "41",
    "transaction_date": "2019-02-10",
    "transaction_amount": 85.00,
    "transaction_type": "debit",
    "transaction_description": "Gym membership renewal",
    "merchant_name": "GymABC",
    "card_type": "MasterCard"
  },
  {
    "transaction_id": "42",
    "transaction_date": "2019-02-11",
    "transaction_amount": 110.00,
    "transaction_type": "debit",
    "transaction_description": "Electronics accessories",
    "merchant_name": "AccessoriesStoreXYZ",
    "card_type": "Visa"
  },
  {
    "transaction_id": "43",
    "transaction_date": "2019-02-12",
    "transaction_amount": 35.00,
    "transaction_type": "credit",
    "transaction_description": "Cashback reward",
    "merchant_name": "BankXYZ",
    "card_type": "Amex"
  },
  {
    "transaction_id": "44",
    "transaction_date": "2019-02-13",
    "transaction_amount": 75.00,
    "transaction_type": "debit",
    "transaction_description": "Dinner at Mexican restaurant",
    "merchant_name": "MexicanRestaurant123",
    "card_type": "Discover"
  },
  {
    "transaction_id": "45",
    "transaction_date": "2019-02-14",
    "transaction_amount": 45.00,
    "transaction_type": "debit",
    "transaction_description": "Pet supplies",
    "merchant_name": "PetStoreXYZ",
    "card_type": "Amex"
  },
  {
    "transaction_id": "46",
    "transaction_date": "2019-02-15",
    "transaction_amount": 60.00,
    "transaction_type": "debit",
    "transaction_description": "Home cleaning service",
    "merchant_name": "CleaningServiceABC",
    "card_type": "Visa"
  },
  {
    "transaction_id": "47",
    "transaction_date": "2019-02-16",
    "transaction_amount": 40.00,
    "transaction_type": "debit",
    "transaction_description": "Dinner with colleagues",
    "merchant_name": "Cafe789",
    "card_type": "MasterCard"
  },
  {
    "transaction_id": "48",
    "transaction_date": "2019-02-17",
    "transaction_amount": 95.00,
    "transaction_type": "debit",
    "transaction_description": "Home entertainment purchase",
    "merchant_name": "EntertainmentStoreXYZ",
    "card_type": "Discover"
  },
  {
    "transaction_id": "49",
    "transaction_date": "2019-02-18",
    "transaction_amount": 30.00,
    "transaction_type": "credit",
    "transaction_description": "Returned kitchenware",
    "merchant_name": "KitchenStore123",
    "card_type": "Amex"
  },
  {
    "transaction_id": "50",
    "transaction_date": "2019-02-19",
    "transaction_amount": 75.00,
    "transaction_type": "debit",
    "transaction_description": "Concert tickets",
    "merchant_name": "MusicVenueXYZ",
    "card_type": "Visa"
  },
  {
    "transaction_id": "51",
    "transaction_date": "2019-02-20",
    "transaction_amount": 110.00,
    "transaction_type": "debit",
    "transaction_description": "Birthday gift",
    "merchant_name": "GiftShop456",
    "card_type": "MasterCard"
  },
  {
    "transaction_id": "52",
    "transaction_date": "2019-02-21",
    "transaction_amount": 25.00,
    "transaction_type": "credit",
    "transaction_description": "Cashback reward",
    "merchant_name": "BankXYZ",
    "card_type": "Discover"
  },
  {
    "transaction_id": "53",
    "transaction_date": "2019-02-22",
    "transaction_amount": 65.00,
    "transaction_type": "debit",
    "transaction_description": "Dinner at seafood restaurant",
    "merchant_name": "SeafoodRestaurant123",
    "card_type": "Amex"
  },
  {
    "transaction_id": "54",
    "transaction_date": "2019-02-23",
    "transaction_amount": 40.00,
    "transaction_type": "debit",
    "transaction_description": "Coffee and muffins",
    "merchant_name": "CafeABC",
    "card_type": "Visa"
  },
  {
    "transaction_id": "55",
    "transaction_date": "2019-02-24",
    "transaction_amount": 55.00,
    "transaction_type": "debit",
    "transaction_description": "Book purchase",
    "merchant_name": "BookstoreXYZ",
    "card_type": "MasterCard"
  },
  {
    "transaction_id": "56",
    "transaction_date": "2019-02-25",
    "transaction_amount": 120.00,
    "transaction_type": "debit",
    "transaction_description": "Home decor",
    "merchant_name": "HomeDecorShop123",
    "card_type": "Discover"
  },
  {
    "transaction_id": "57",
    "transaction_date": "2019-02-26",
    "transaction_amount": 85.00,
    "transaction_type": "debit",
    "transaction_description": "Fitness equipment",
    "merchant_name": "FitnessStoreXYZ",
    "card_type": "Amex"
  },
  {
    "transaction_id": "58",
    "transaction_date": "2019-02-27",
    "transaction_amount": 60.00,
    "transaction_type": "debit",
    "transaction_description": "Car wash",
    "merchant_name": "CarWashABC",
    "card_type": "Visa"
  },
  {
    "transaction_id": "59",
    "transaction_date": "2019-02-28",
    "transaction_amount": 95.00,
    "transaction_type": "debit",
    "transaction_description": "Electronics upgrade",
    "merchant_name": "ElectronicsStore456",
    "card_type": "MasterCard"
  },
  {
    "transaction_id": "60",
    "transaction_date": "2019-03-01",
    "transaction_amount": 35.00,
    "transaction_type": "credit",
    "transaction_description": "Cashback reward",
    "merchant_name": "BankXYZ",
    "card_type": "Discover"
  },
  {
    "transaction_id": "61",
    "transaction_date": "2019-03-02",
    "transaction_amount": 130.00,
    "transaction_type": "debit",
    "transaction_description": "Weekend trip",
    "merchant_name": "TravelAgencyXYZ",
    "card_type": "Amex"
  },
  {
    "transaction_id": "62",
    "transaction_date": "2019-03-03",
    "transaction_amount": 45.00,
    "transaction_type": "debit",
    "transaction_description": "Lunch at diner",
    "merchant_name": "Diner456",
    "card_type": "Visa"
  },
  {
    "transaction_id": "63",
    "transaction_date": "2019-03-04",
    "transaction_amount": 70.00,
    "transaction_type": "debit",
    "transaction_description": "Home improvement materials",
    "merchant_name": "HomeImprovementStoreXYZ",
    "card_type": "MasterCard"
  },
  {
    "transaction_id": "64",
    "transaction_date": "2019-03-05",
    "transaction_amount": 25.00,
    "transaction_type": "credit",
    "transaction_description": "Returned tool",
    "merchant_name": "HardwareStore123",
    "card_type": "Discover"
  },
  {
    "transaction_id": "65",
    "transaction_date": "2019-03-06",
    "transaction_amount": 95.00,
    "transaction_type": "debit",
    "transaction_description": "Dinner at steakhouse",
    "merchant_name": "SteakhouseXYZ",
    "card_type": "Amex"
  },
  {
    "transaction_id": "66",
    "transaction_date": "2019-03-07",
    "transaction_amount": 40.00,
    "transaction_type": "debit",
    "transaction_description": "Coffee and cake",
    "merchant_name": "Cafe789",
    "card_type": "Visa"
  },
  {
    "transaction_id": "67",
    "transaction_date": "2019-03-08",
    "transaction_amount": 65.00,
    "transaction_type": "debit",
    "transaction_description": "Home cleaning supplies",
    "merchant_name": "CleaningSuppliesStoreXYZ",
    "card_type": "MasterCard"
  },
  {
    "transaction_id": "68",
    "transaction_date": "2019-03-09",
    "transaction_amount": 120.00,
    "transaction_type": "debit",
    "transaction_description": "Furniture",
    "merchant_name": "FurnitureStore456",
    "card_type": "Discover"
  },
  {
    "transaction_id": "69",
    "transaction_date": "2019-03-10",
    "transaction_amount": 30.00,
    "transaction_type": "credit",
    "transaction_description": "Cashback reward",
    "merchant_name": "BankXYZ",
    "card_type": "Amex"
  },
  {
    "transaction_id": "70",
    "transaction_date": "2019-03-11",
    "transaction_amount": 75.00,
    "transaction_type": "debit",
    "transaction_description": "Gym membership",
    "merchant_name": "GymXYZ",
    "card_type": "Visa"
  },
  {
    "transaction_id": "71",
    "transaction_date": "2019-03-12",
    "transaction_amount": 110.00,
    "transaction_type": "debit",
    "transaction_description": "Tech gadgets",
    "merchant_name": "GadgetStoreXYZ",
    "card_type": "MasterCard"
  },
  {
    "transaction_id": "72",
    "transaction_date": "2019-03-13",
    "transaction_amount": 35.00,
    "transaction_type": "credit",
    "transaction_description": "Cashback reward",
    "merchant_name": "BankXYZ",
    "card_type": "Discover"
  },
  {
    "transaction_id": "73",
    "transaction_date": "2019-03-14",
    "transaction_amount": 75.00,
    "transaction_type": "debit",
    "transaction_description": "Dinner with friends",
    "merchant_name": "Restaurant789",
    "card_type": "Amex"
  },
  {
    "transaction_id": "74",
    "transaction_date": "2019-03-15",
    "transaction_amount": 45.00,
    "transaction_type": "debit",
    "transaction_description": "Pet grooming",
    "merchant_name": "PetGroomingServiceXYZ",
    "card_type": "Visa"
  },
  {
    "transaction_id": "75",
    "transaction_date": "2019-03-16",
    "transaction_amount": 60.00,
    "transaction_type": "debit",
    "transaction_description": "Car accessories",
    "merchant_name": "AutoAccessoriesShop123",
    "card_type": "MasterCard"
  },
  {
    "transaction_id": "76",
    "transaction_date": "2019-03-17",
    "transaction_amount": 40.00,
    "transaction_type": "debit",
    "transaction_description": "Coffee and sandwiches",
    "merchant_name": "CafeXYZ",
    "card_type": "Discover"
  },
  {
    "transaction_id": "77",
    "transaction_date": "2019-03-18",
    "transaction_amount": 95.00,
    "transaction_type": "debit",
    "transaction_description": "Home security system",
    "merchant_name": "SecuritySystemsXYZ",
    "card_type": "Amex"
  },
  {
    "transaction_id": "78",
    "transaction_date": "2019-03-19",
    "transaction_amount": 30.00,
    "transaction_type": "credit",
    "transaction_description": "Returned clothing",
    "merchant_name": "ClothingStore456",
    "card_type": "Visa"
  },
  {
    "transaction_id": "79",
    "transaction_date": "2019-03-20",
    "transaction_amount": 65.00,
    "transaction_type": "debit",
    "transaction_description": "Lunch at sushi bar",
    "merchant_name": "SushiBar123",
    "card_type": "MasterCard"
  },
  {
    "transaction_id": "80",
    "transaction_date": "2019-03-21",
    "transaction_amount": 85.00,
    "transaction_type": "debit",
    "transaction_description": "Home office supplies",
    "merchant_name": "OfficeSupplyStore456",
    "card_type": "Discover"
  },
  {
    "transaction_id": "81",
    "transaction_date": "2019-03-22",
    "transaction_amount": 35.00,
    "transaction_type": "credit",
    "transaction_description": "Cashback reward",
    "merchant_name": "BankXYZ",
    "card_type": "Amex"
  },
  {
    "transaction_id": "82",
    "transaction_date": "2019-03-23",
    "transaction_amount": 120.00,
    "transaction_type": "debit",
    "transaction_description": "Home decor",
    "merchant_name": "HomeDecorShop456",
    "card_type": "Visa"
  },
  {
    "transaction_id": "83",
    "transaction_date": "2019-03-24",
    "transaction_amount": 40.00,
    "transaction_type": "debit",
    "transaction_description": "Coffee and bagels",
    "merchant_name": "Bakery789",
    "card_type": "MasterCard"
  },
  {
    "transaction_id": "84",
    "transaction_date": "2019-03-25",
    "transaction_amount": 55.00,
    "transaction_type": "debit",
    "transaction_description": "Book purchase",
    "merchant_name": "Bookstore456",
    "card_type": "Discover"
  },
  {
    "transaction_id": "85",
    "transaction_date": "2019-03-26",
    "transaction_amount": 95.00,
    "transaction_type": "debit",
    "transaction_description": "Electronics upgrade",
    "merchant_name": "ElectronicsStore789",
    "card_type": "Amex"
  },
  {
    "transaction_id": "86",
    "transaction_date": "2019-03-27",
    "transaction_amount": 60.00,
    "transaction_type": "debit",
    "transaction_description": "Car detailing",
    "merchant_name": "CarDetailingServiceXYZ",
    "card_type": "Visa"
  },
  {
    "transaction_id": "87",
    "transaction_date": "2019-03-28",
    "transaction_amount": 75.00,
    "transaction_type": "debit",
    "transaction_description": "Home cleaning service",
    "merchant_name": "CleaningService456",
    "card_type": "MasterCard"
  },
  {
    "transaction_id": "88",
    "transaction_date": "2019-03-29",
    "transaction_amount": 110.00,
    "transaction_type": "debit",
    "transaction_description": "Tech gadgets",
    "merchant_name": "TechGadgetStoreXYZ",
    "card_type": "Discover"
  },
  {
    "transaction_id": "89",
    "transaction_date": "2019-03-30",
    "transaction_amount": 30.00,
    "transaction_type": "credit",
    "transaction_description": "Cashback reward",
    "merchant_name": "BankXYZ",
    "card_type": "Amex"
  },
  {
    "transaction_id": "90",
    "transaction_date": "2019-03-31",
    "transaction_amount": 75.00,
    "transaction_type": "debit",
    "transaction_description": "Dinner with family",
    "merchant_name": "FamilyRestaurant789",
    "card_type": "Visa"
  },
  {
    "transaction_id": "91",
    "transaction_date": "2019-04-01",
    "transaction_amount": 110.00,
    "transaction_type": "debit",
    "transaction_description": "Home decor",
    "merchant_name": "HomeDecorShop789",
    "card_type": "MasterCard"
  },
  {
    "transaction_id": "92",
    "transaction_date": "2019-04-02",
    "transaction_amount": 35.00,
    "transaction_type": "credit",
    "transaction_description": "Cashback reward",
    "merchant_name": "BankXYZ",
    "card_type": "Discover"
  },
  {
    "transaction_id": "93",
    "transaction_date": "2019-04-03",
    "transaction_amount": 75.00,
    "transaction_type": "debit",
    "transaction_description": "Gym membership",
    "merchant_name": "Gym123",
    "card_type": "Amex"
  },
  {
    "transaction_id": "94",
    "transaction_date": "2019-04-04",
    "transaction_amount": 45.00,
    "transaction_type": "debit",
    "transaction_description": "Pet supplies",
    "merchant_name": "PetStore789",
    "card_type": "Visa"
  },
  {
    "transaction_id": "95",
    "transaction_date": "2019-04-05",
    "transaction_amount": 60.00,
    "transaction_type": "debit",
    "transaction_description": "Auto repair",
    "merchant_name": "AutoRepairShopXYZ",
    "card_type": "MasterCard"
  },
  {
    "transaction_id": "96",
    "transaction_date": "2019-04-06",
    "transaction_amount": 40.00,
    "transaction_type": "debit",
    "transaction_description": "Coffee and cookies",
    "merchant_name": "Cafe123",
    "card_type": "Discover"
  },
  {
    "transaction_id": "97",
    "transaction_date": "2019-04-07",
    "transaction_amount": 95.00,
    "transaction_type": "debit",
    "transaction_description": "Home entertainment purchase",
    "merchant_name": "EntertainmentStore456",
    "card_type": "Amex"
  },
  {
    "transaction_id": "98",
    "transaction_date": "2019-04-08",
    "transaction_amount": 30.00,
    "transaction_type": "credit",
    "transaction_description": "Returned clothing",
    "merchant_name": "ClothingStore789",
    "card_type": "Visa"
  },
  {
    "transaction_id": "99",
    "transaction_date": "2019-04-09",
    "transaction_amount": 65.00,
    "transaction_type": "debit",
    "transaction_description": "Lunch at pizza place",
    "merchant_name": "PizzaRestaurantXYZ",
    "card_type": "MasterCard"
  },
  {
    "transaction_id": "100",
    "transaction_date": "2019-04-10",
    "transaction_amount": 85.00,
    "transaction_type": "debit",
    "transaction_description": "Home office supplies",
    "merchant_name": "OfficeSupplyStore789",
    "card_type": "Discover"
  },
  {
    "transaction_id": "101",
    "transaction_date": "2019-04-11",
    "transaction_amount": 40.00,
    "transaction_type": "debit",
    "transaction_description": "Coffee and croissant",
    "merchant_name": "Bakery789",
    "card_type": "Visa"
  },
  {
    "transaction_id": "102",
    "transaction_date": "2019-04-12",
    "transaction_amount": 75.00,
    "transaction_type": "debit",
    "transaction_description": "Dinner at Thai restaurant",
    "merchant_name": "ThaiRestaurantXYZ",
    "card_type": "MasterCard"
  },
  {
    "transaction_id": "103",
    "transaction_date": "2019-04-13",
    "transaction_amount": 110.00,
    "transaction_type": "debit",
    "transaction_description": "Home decor",
    "merchant_name": "HomeDecorShop789",
    "card_type": "Discover"
  },
  {
    "transaction_id": "104",
    "transaction_date": "2019-04-14",
    "transaction_amount": 35.00,
    "transaction_type": "credit",
    "transaction_description": "Cashback reward",
    "merchant_name": "BankXYZ",
    "card_type": "Amex"
  },
  {
    "transaction_id": "105",
    "transaction_date": "2019-04-15",
    "transaction_amount": 85.00,
    "transaction_type": "debit",
    "transaction_description": "Office supplies",
    "merchant_name": "OfficeSupplyStore789",
    "card_type": "Visa"
  },
  {
    "transaction_id": "106",
    "transaction_date": "2019-04-16",
    "transaction_amount": 60.00,
    "transaction_type": "debit",
    "transaction_description": "Car wash",
    "merchant_name": "CarWashXYZ",
    "card_type": "MasterCard"
  },
  {
    "transaction_id": "107",
    "transaction_date": "2019-04-17",
    "transaction_amount": 40.00,
    "transaction_type": "debit",
    "transaction_description": "Coffee and baguette",
    "merchant_name": "Cafe456",
    "card_type": "Discover"
  },
  {
    "transaction_id": "108",
    "transaction_date": "2019-04-18",
    "transaction_amount": 95.00,
    "transaction_type": "debit",
    "transaction_description": "Electronics purchase",
    "merchant_name": "ElectronicsStore789",
    "card_type": "Amex"
  },
  {
    "transaction_id": "109",
    "transaction_date": "2019-04-19",
    "transaction_amount": 30.00,
    "transaction_type": "credit",
    "transaction_description": "Returned item",
    "merchant_name": "RetailStore123",
    "card_type": "Visa"
  },
  {
    "transaction_id": "110",
    "transaction_date": "2019-04-20",
    "transaction_amount": 65.00,
    "transaction_type": "debit",
    "transaction_description": "Lunch at burger joint",
    "merchant_name": "BurgerJointXYZ",
    "card_type": "MasterCard"
  },
  {
    "transaction_id": "111",
    "transaction_date": "2019-04-21",
    "transaction_amount": 120.00,
    "transaction_type": "debit",
    "transaction_description": "Home decor",
    "merchant_name": "HomeDecorStoreABC",
    "card_type": "Discover"
  },
  {
    "transaction_id": "112",
    "transaction_date": "2019-04-22",
    "transaction_amount": 35.00,
    "transaction_type": "credit",
    "transaction_description": "Cashback reward",
    "merchant_name": "BankXYZ",
    "card_type": "Amex"
  },
  {
    "transaction_id": "113",
    "transaction_date": "2019-04-23",
    "transaction_amount": 75.00,
    "transaction_type": "debit",
    "transaction_description": "Dinner at steakhouse",
    "merchant_name": "Steakhouse123",
    "card_type": "Visa"
  },
  {
    "transaction_id": "114",
    "transaction_date": "2019-04-24",
    "transaction_amount": 45.00,
    "transaction_type": "debit",
    "transaction_description": "Pet grooming",
    "merchant_name": "PetGroomingXYZ",
    "card_type": "MasterCard"
  },
  {
    "transaction_id": "115",
    "transaction_date": "2019-04-25",
    "transaction_amount": 60.00,
    "transaction_type": "debit",
    "transaction_description": "Auto repair",
    "merchant_name": "AutoRepairXYZ",
    "card_type": "Discover"
  },
  {
    "transaction_id": "116",
    "transaction_date": "2019-04-26",
    "transaction_amount": 40.00,
    "transaction_type": "debit",
    "transaction_description": "Coffee and doughnuts",
    "merchant_name": "DoughnutShop789",
    "card_type": "Amex"
  },
  {
    "transaction_id": "117",
    "transaction_date": "2019-04-27",
    "transaction_amount": 95.00,
    "transaction_type": "debit",
    "transaction_description": "Home entertainment purchase",
    "merchant_name": "EntertainmentStoreABC",
    "card_type": "Visa"
  },
  {
    "transaction_id": "118",
    "transaction_date": "2019-04-28",
    "transaction_amount": 30.00,
    "transaction_type": "credit",
    "transaction_description": "Returned item",
    "merchant_name": "RetailStore456",
    "card_type": "MasterCard"
  },
  {
    "transaction_id": "119",
    "transaction_date": "2019-04-29",
    "transaction_amount": 65.00,
    "transaction_type": "debit",
    "transaction_description": "Lunch at sandwich shop",
    "merchant_name": "SandwichShopXYZ",
    "card_type": "Discover"
  },
  {
    "transaction_id": "120",
    "transaction_date": "2019-04-30",
    "transaction_amount": 85.00,
    "transaction_type": "debit",
    "transaction_description": "Home office supplies",
    "merchant_name": "OfficeSupplyStoreABC",
    "card_type": "Amex"
  }
]